sympa;nett
amusant;lustig
sympathique;sympathisch
bête;dumm
aimable;freundlich
ennuyeux;langweilig
moche;hässlich
séduisant;attraktiv
calme;ruhig
joli;hübsch
beau;schön
mince;schlank
gros;dick
bizarre;komisch
nerveux;nervös
chaleureux;gemütlich
grand;groß
vieux;alt
maigre;dünn
jeune;jung
sportif;sportlich
élégant;elegant
cher;teuer
nouveau;neu
intelligent;klug
dangereux;gefährlich
sincère;ehrlich
1;wahr
propre;sauber
français;französisch
merveilleux;wunderbar
mauvais;schlecht
seul;allein
long;lang
court;kurz
vert;grün
rouge;rot
marron;braun
petit;klein
mystérieux;geheimnisvoll
en bonne santé;gesund
blanc;weiß
noir;schwarz
gris;grau
orange;orange
jaune;gelb
argent;geld
bleu;blau
violet;violett
rose;rosa
pas cher;günstig
premier prix;billig
authentique;original
original;originell
carré;eckig
rond;rund
à la mode;modischen
différent;verschieden
dommage;schade
fatigué;müste
haut;hoch
confortable;gemutlich
