de;von
à;bis
plus;plus
égal;ist
moins;minus
de;aus
près de;bei
avec;mit
après;nach
depuis;seit
chez;zu
en direction de;nach
vers;zu
en direction de;zu
à travers;durch
au moyen de;durch
pour;für
contre;gegen
sans;ohne
ou;oder
autour de;um
mais;aber
dans;in
tout proche;nahe bei
aussi;auch
en ce moment;zurzeit
alors;dann
0;falsch
1;richtig
plein;voll
maintenant;jetz
plus de;mehr
vraiment;wirklich
chaque;jeden
derrière;hinter
devant;vor
parfois;manchmal
souvent;olf
malheureusement;leider
volontiers;gern
ici;hier
rien;nichts
déjà;schon
seulement;erst
en bas;unten
gauche;links
droite;recht
içi;hier
au bord de;an
cependant;trotzdem
entre;zwischen
bientôt;bald
excellent;ausgezeichnet
après ça;nachler
à côté de;neben
presque;fast
tout juste;knapp
toujours;immer
parce que;weil
zéro;null
un;eins
deux;zwei
trois;drei
quatre;vier
cinq;fünf
six;sechs
sept;sieben
huit;acht
neuf;neun
dix;zehn
onze;elf
douze;zwölf
vingt;zwanzig
trente;dreißig
cent;hundert
au dessus;auf
sur;über
sous;unter
certainement;bestimmt
malgré tout;trotzdem
