lundi;der Montag
mardi;der Dienstag
mercredi;der Mittwoch
jeudi;der Donnerstag
vendredi;der Freitag
samedi;der Samstag
dimanche;der Sonntag
week-end;das Wochenende
janvier;Januar
février;Februar
mars;März
avril;April
mai;Mai
juin;Juni
juillet;Juli
août ;August
septembre;September
octobre;Oktober
novembre;November
décembre;Dezember
printemps;der Frühling
été;der Sommer
automne;der Herbst
hiver;der Winter
pile;Punkt
la demie;halt
le  quart;Viertel nach
moins le quart;Viertel vor
matinée;Morgens
midi;Vormittags
après-midi;Nachmittags
soirée;Abends
le matin;der Morgen
le midi;der Mittag
l'après-midi;der Nachmittag
le soir;der Abend
la nuit;die Nacht
le jour;der Tage
la semaine;das Woche
le mois;der Monate
l'année;der Jahr
aujourd'hui;heute
demain;morgen
l'heure;die Uhr
