la porte;die Tür
la maison;das Haus
l'oeuf;das Ei
le chat;die Katze
l'appartement;die Wohnung
le journal;die Zeitung
la vérité;die Wohreit
l'humanité;die Menschkeit
la propreté;die Sauberkeit
l'exception;die Ausnahme
le stade;das Stadium
le coiffeur;der Frisör
la correction;die Korrektur
le baccalauréat;das Abitur
la faillite;der Konkurs
la sculpture;die Plastik
le plastique;das Plastik
le parking;die Garage
la consommation;der Konsum
la table;der Tisch
la fleur;die Blume
l'ami;der Freund
le bébé;das Baby
l'enfant;das Kind
la jeune fille;das Mädchen
la femme;die Frau
le monsieur;der Herr
la Bourse;die Börse
le porte-monnaie;die Geldbörse
la banque;die Bank
la page;die Seite
la Suisse;die Schweiz
la Turquie;die Türkei
la Slovaquie;die Slowakei
la France;Frankreich
l'Ukraine;die Ukraine
le français;der Franzose
le pays;das Land
la cathédrale;der Dom
l'art;die Kunst
le métier;der Beruf
l'image;das Bild
les États Unis;die USA
l'hôpital;das Krankenhaus
l'infirmier;das Krankenpfleger
le neveu;der Neffe
la nièce;die Nichte
la langue étrangère;die Fremsprache
le stagiaire;der Praktikant
les cheveux;die Haare
le père;der Vater
la mère;die Mutter
la soeur;die Schwester
le frère;der Bruder
le grand-père;der Großvater
la grand-mère;die Großmutter
le fils;der Sohn
la fille;die Tochter
le petit-fils;der Enkelsohn
la petite-fille;die Enkeltochter
l'oncle;der Onkle
la tante;die Tante
les parents;die Eltern
les grands-parents;die Großeltern
la lune;der Mond
le tonnerre;der Donner
l'éclair;der Blitz
le soleil;die Sonne
le mannequin;der Model
le lit;das Bett
le fauteuil;der Sessel
la lampe;die Lampe
la chaise;der Stuhl
le canapé;die Couch
l'armoire;der Schrank
le tapis;der Teppich
la couleur;die Farbe
la pièce ;das Zimmer
la chambre;das Schlafzimmer
le vendeur;der Verkaüfer
l'acheteur;der Kaüfer
l'aide;die Hilfe
la couronne;der Kranz
le cadeau;das Geschenk
le jour férié;der Feiertag
le crayon de papier;der Bleistift
les lunettes;die Brille
le livre;das Buch
le feu;das Feuer
le machin;das Zeug
la bouteille;das Flasche
l'avion;das Flugzeug
le vol;der Flug
le jouet;das Spielzeug
le briquet;das Feuerzeug
le jeu;das Spiel
l'appareil photo;der Fotoapparat
l'appareil;der Apparat
la caméra;die Kamera
la chaîne;die Kette
le stylo bille ;der Kugelscheiber
le cou;der Hals
la clé;der Schlüssel
le sac;die Tasche
le stylo plume;die Füllfeder
le sac à main;die Hanstasche
le sac plastique;der Sack
le sac de voyage;die Reisetasche
le sac poubelle;der Müllsack
le sac à dos;der Hucksack
le livre de poche;das Taschbuch
la nounou;die Tagesmutter
la feuille;das Blatt
le journal intime;das Tagebuch
le classeur;der Ordner
le lac;der See
la mer;die See
les chaussures;die Schule
la chemise;das Hemd
la vague;die Welle
l'email;die Email
le téléphone portable ;das Handy
le SMS;die SMS
le timbre;die Briefmarke
la facture;die Rechnung
le téléphone;das Telefon
l'imprimante;das Druckr
le rendez vous ;der Termin
l'agenda;der Terminkalender
l'impression;der Druck
l'expression;der Ausdruck
la souris;die Maus
le nord;der Norden
l'ouest;der Westen
l'est;der Osten
le sud;der Süden
le marché;der Markt
le marchand;der Händler
le visiteur;der Besucher
la marchandise;die Ware
le secrétariat;das Sekretariat
l'exposition;das Austellung
la visite;die Besuch
le travail;der Beruf
le pont;die Brücke
la mémoire;das Gedächtnis
le stylo;der Stift
le magasine;das Magazin
le rendez-vous;der Termin
la différence;der Unterschied
l'œil;das Auge
le poil;das Haar
la blague;der Witz
le mariage;die Hochzeit
le réveil;der Wecker
l'invité;der Gast
la pomme de terre;die Kartoffel
le chocolat;die Schokolade
la tarte;der Kucher
la soupe;die Suppe
la pomme;der Apfel
le thé;der Tee
le rôti;der Braten
le pain;das Brot
l'orange;die Orange
le lait;die Milch
le beurre;die Butter
le poisson;der Fisch
la tomate;die Tomate
la salade;der Salat
le fromage;der Käse
le jambon;der Schinken
l'oignon;die Zwiebel
l'œuf;das Ei
la glace;das Eis
les fruits;das Obst
le riz;das Reis
la purée;das Püree
la fraise;die Erbeere
la framboise;die Himbeere
la groseille;die Johannisbeere
la mûre;die Brombeere
le gobelet;der Becher
la boîte de conserve;die Dose
le pot de verre;das Glas
la confiture;die Marmelade
le morceau;das Stuck
la tablette;die Tafet
le comprimé;die Tablette
la moutarde;der Serf
le foie;die Leber
les légumes;das Gemise
le bétail;das Vieh
le lièvre;der Hase
le lapin;das Kaninchen
l'Alsace;das Elsass
les frites;die Pommes
le violon;das Konzert
le masque;das Teater
le musée;das Museum
le cocktail;die Bar
le prénom;der Vorname
le nom de famille;der Familienname
l'alphabet;das Alphabet
l'architecte;der Architekt
l'ingénieur;der Ingenieur
le journaliste;der Journalist
le professeur;der Lehrer
l'étudiant;der Student
le secrétaire;der Sekretär
la famille;die Familie
l'euro;der Euro
le mécanicien;der Mechatronikker
le chanteur;der Schauspieler
le médecin;der Arzt
le serveur;der Kellner
l'ordinateur portable;der Laptop
l'ordinateur;der Computer
le calendrier;der Kalender
l'écran;der Bildschirm
le cinéma;das Kino
le théâtre;das Theater
la piscine;das Schwimmbad
le concert;das Konzert
le restaurant;das Restaurant
le bar;die Bar
la gare;der Bahnhof
le taxi;das Taxi
le bus;der Bus
la valise;der Koffer
le jardin;der Garten
l'arbre;der Baum
l'escalier;die Treppe
le garage;die Garage
la fenêtre;das Fenster
le balcon;der Balkon
le rez-de-chaussée;das Erdgeschoss
l'étage;der Stock
la cave;der Keller
le loyer;die Miete
le prix;der Preis
le sapin;der Tanenbaum
le bateau;das Schiff
l'aéroport;der Flughafen
le toit;das Dach
la tour;der Turm
l'église;die Kirche
le château;das Schloss
la mairie;das Rathaus
la bibliothèque;die Bibliothek
