beau;ハンサム
propre;きれいな
calme;しずかな
animé;にがやかな
célèbre;ゆうめいな
gentil;しんせつな
en forme;げんきな
libre;ひまな
pratique;べんりな
joli;すてきな
grand;おおきい
petit;ちいさい
nouveau;あたらしい
ancien;ふるい
bon;いい
mauvais;わるい
chaud;あつい
froid (temps);さむい
froid;つめたい
difficile;むずかしい
facile;やさしい
haut;たかい
cher;たかい
bon marché;やすい
intéressant;おもしろい
délicieux;おいしい
occupé;いそがしい
agréable;たのしい
blanc;しろい
noir;くろい
rouge;あかい
bleu;あおい
jaune;きいろい
marron;ちゃいろい
doux;あまい
sucré;あまい
piquant;からい
amer;にがい
salé;しおからい
acide;すつぱい
corsé;こい
fade;うすい
aimé;すきな
détesté;きらいな
habile;じょうずな
maladroit;へたな
varié;いろいろな
belle;きれいな
dur;たいへん
simple;かんたんな
proche;ちかい
loin;とおい
rapide;はやい
lent;おそい
nombreux;おおい
peu nombreux;すくない
