famille;かぞく
ma grand-mère;そぼ
mon grand-père;そふ
mes grands-parents;そふぼ
ma mère;はは
mon père;ちち
mes parents;りょうしん
ma petite sœur;いもうと
mon petit frère;おとうと
ma grande sœur;あね
mon grand frère;あに
mes frères et sœurs;きょうだい
ma femme;つま
mon mari;おっと
mon conjoint;ふうふ
ma fille;むすめ
mon fils;むすこ
mes enfants;こども
grand-mère;おばあさん
grand-père;おじいさん
mère;おかあさん
père;おとうさん
parents;ごりょうしん
petite sœur;いもうとさん
petit frère;おとうとさん
grande sœur;おねえさん
grand frère;おにいさん
frères et sœurs;ごきょうだい
femme;おくさん
mari;ごしゅじん
conjoint;ごふうふ
fille;むすめさん
fils;むすごさん
enfants;おこさん
