Bonjour (matin);おはようございます
Bonjour;こんにちは
Bonsoir;こんばんは
Bonne nuit;おやすみなさい
Au revoir;さようなら
Merci;ありがとうございます
Excusez-moi;すみません
Pardon;すみません
S'il vous plaît;おねがいします
Enchanté;はじめまして
Très heureux de faire votre connaissance;どうぞ　よろしく　おねがいしま
Euh;あのう
Ah;えつ
Je vous en prie;どうぞ
D'accord;そうですか
Vous avez tort;ちがいます
Je suis heureux de vous connaître;これからおせわになりまう
C'est ça;そうです
Ce n'est pas ça;ちがいます
Bienvenue;いらっしゃいませ
De rien;どういたしまして
Ce serait bien;いいですね
Je vois;わかりました
Bon à demain;じゃまだ
Excusez-moi pour le dérangement;しつれいします
Au début des repas;いただいます
A la fin des repas;ごちそうさま
Comment allez-vous?;おげんきですか
C'est exact;そおです
Bonnes fêtes;よいとしを
Bonne année;あけましておめでとう
Je suis rentrée;ただいま
Bienvenue chez toi;おかえり
Désolée, je dois partir;おききにつれいまます
Tu as bien travaillé;おつかれさま
