qui;だれ
quel âge;なんさい
qui poli;どなた
que;なん
quoi;なに
quel étage;なんがい
combien;いくら
où lieu;どこ
où direction;どちら
quelle heure;なんじ
combien de minutes;なんぷん
quel jour;なんようび
quel numéro;なんばん
quelle année;なんねん
quel mois;なんげつ
quand;いつ
comment;どう
quel genre de;どんな
pourquoi;どうして
quel objet;なに
combien de choses;いくつ
combien de personnes;なんにん
à quelle fréquence;なんかい
à quel étage;なんがい
quel jour du mois;なんにち
combien d'heure;なんじかん
combien de semaines;なんしゅうかん
combien de mois;なんかげつ
combien d'années;なんせん
combien de temps;どのぐらい
c'était comment;どうでした
