soleil;日
jour;日
dimanche;日曜日
Japon;日本
lune;月
mois;月
lundi;月曜日
arbre;木
jeudi;木曜日
montagne;山
volcan;火山
rivière;川
champ de riz;田
personne;人
bouche;口
entrée;入口
sortie;出口
population;人口
voiture;車
roue;車
train;電車
automobile;自動車
porte;門
feu;火
mardi;火曜日
eau;水
mercredi;水曜日
or;金
monnaie;お金
vendredi;金曜日
sol;土
samedi;土曜日
enfant;子
fille;女の子
jeune fille;女子
étudiante;女子学生
femme;女
femme adulte;女の人
petite amie;彼女
étudiant;学生
université;大学
école;学校
étudier;学ぶ
vivre;生きる
naître;生まれる
professeur;先生
moi;私
je;私
japonais;日本人
langue;語
livre;本
le mois dernier;先月
précédent;先
date de naissance;生年月日
avant;先に
vélo;自転車
un;一
deux;二
trois;三
quatre;四
cinq;五
six;六
sept;七
huit;八
neuf;九
dix;十
cent;百
mille;千
dix mille;万
yen;円
cercle;円
année;年
dessus;上
dessous;下
milieu;中
intérieur;中
grand;大気な
petit;小さな
monter;上がる
descendre;下がる
sortir d'un véhicule;下車する
collège;中学校
collègien;中学
adulte;大人
enfant;小人
école primaire;小学校
