un objet;ひとつ
deux objets;ふたつ
trois objets;みっつ
quatre objets;よっつ
cinq objets;いつつ
six objets;むっつ
sept objets;ななつ
huit objets;やっつ
neuf objets;ここのつ
dix objets;どお
chose;つ
heure;じ
minute;ふん
personne;にん
une personne;ひとり
deux personne;ふたり
chose fine et plate;まい
âge;さい
un an;いっさい
huit ans;はっさい
dix ans;じゅっさい
fréquence;かい
étage;かい
1er étage;いっかい
3ème étage;さんがい
6ème étage;ろっかい
8ème étage;はっかい
10ème étage;じゅっかい
une fois;いっかい
six fois;ろっかい
huit fois;はっかい
dix fois;じゅっかい
le 1er du mois;ついたち
le 2 du mois;ふつか
le 3 du mois;みっか
le 4 du mois;よっか
le 5 du mois;いつか
le 6 du mois;むいか
le 7 du mois;なのか
le 8 du mois;ようか
le 9 du mois;ここのか
le 10 du mois;とおか
le 14 du mois;じゅよっか
le 20 du mois;はつか
le 24 du mois;にじゅうよっか
jour;にち
six cent;ろっぴゃく
huit cent;はっぴゃく
trois mille;さんぜん
huit mille;はっせん
dix mille;いちまん
cent miilion;いちおく
mois;がつ
avril;しがつ
juillet;しちがつ
septembre;くがつ
quatre heures;よじかん
neuf heures;くじかん
deux jours;ふつか
trois jours;みっか
quatre jours;よっか
cinq jours;いつか
six jours;むいか
sept jours;なのか
huit jours;ようか
neuf jours;ここのか
dix jours;どうか
semaine;しゅうかん
une semaine;いっしゅうかん
huit semaines;はっしゅうかん
dix semaines;じゅっしゅかん
un mois;いっかげつ
six mois;ろっかげつ
une demi année;はんとし
dix mois;じゅっかげつ
année;ねん
quatre ans;よねん
AM;ごぜん
PM;ごご
machine;だい
