Sujet;は
COD;を
Phrase affirmative;です
Phrase négative;じゃありません
Question;か
Aussi;も
De;の
Politesse;お
Et;と
A partir de;から
Jusqu'à ;まで
Moment;に
Confirmation;ね
Déplacement;へ
Négation absolue;も
Moyen;で
Méthode;で
Avec;と
Lieu d'action;で
Receveur;に
Donneur;に
Déjà;もう
Opposition;が
Justification;から
Et entre autre;や
Lieu défini;に
Relation;の
Direction;へ
Etat;が
Destination;に
Durée;かん
Lequel;どちら
Les deux;どちらも
Le plus;いちばん
Beaucoup;ずっと
