professeur;せんせい
enseignant;きょうし
étudiant;がくせい
employé;しょいん
médecin;いしょ
chercheur;けんきゅしゃ
université;だいがく
hôpital;びょういん
moi;わたし
toi;あなた
ans;さい
oui;はい
non;いいえ
Etats-Unis;アメリカ
Grande-Bretagne;イギリス
Inde;インド
Indonésie;インドネシア
Corée du Sud;かんこく
Thaïlande;タイ
Chine;ちゅうごく
Allemagne;ドイツ
Japon;にほん
Brésil;ブラジル
pays;くに
peuple;ひと
langue;ご
anglais;えいご
Italie;イタリア
Iran;イラン
Egypte;エジプト
Australie;オーストラリア
Canada;カナダ
Arabie Saoudite;サウジアラビア
Singapour;シンガポール
Espagne;スパイン
France;フランス
Philippines;フィリピン
Vietnam;ベトナム
Malaisie;マレーシア
Mexique;メキシコ
Russie;ロシア
livre;ほん
dictionnaire;じしょ
magazine;ざっし
journal;しんぶん
cahier;ノート
agenda;でちょう
carte de visite;めいし
carte;カード
crayon papier;えんぴつ
stylo;ボールペン
clé;かぎ
montre;とけい
parapluie;かさ
sac;かばん
télévision;テレビ
radio;ラジオ
appareil photo;カメラ
ordinateur;コンピューター
voiture;くるま
table;つくえ
chaise;いす
chocolat;チョコレート
café;コーヒー
souvenir;おみやげ
salle de cours;きょうしつ
cantine;しょくどう
bureau;じむしょ
salle de réunion;かいぎしつ
accueil;うけつけ
hall;ロビー
chambre;へや
toilettes;トイレ
escalier;かいだん
ascenseur;イレベーター
escalator;イスカレーター
téléphone;じどうはんばいき
entreprise;でんわ
maison;うち
chaussures;くつ
cravate;ネクタイ
vin;ワイン
sous-sol;ちか
étage;かい
yen;えん
cent;ひゃく
mille;せん
dix mille;まん
Suisse;スイス
un;いち
deux;に
trois;さん
quatre;よん
cinq;ご
six;ろく
sept;なな
huit;はち
neuf;きゅう
dix;じゅう
restaurant;レストラン
lunettes;めがね
vêtement;ふく
jouet;おもちゃ
meuble;かぐ
vaisselle;しょっき
bijoux;アクセサリ
alimentation;しょくひん
parking;ちゅうしゃじょう
grand magasin;デパート
banque;ぎんこう
bureau de poste;ゆうびんきょく
bibliothèque;としょかん
musée;びじゅつかん
maintenant;いま
heure;じ
minute;ふん
demie;はん
du matin;ごぜん
de l'après-midi;ごご
matin;あさ
jour;ひる
soir;ばん
nuit;よる
avant-hier;おととい
hier;かのう
aujourd'hui;きょう
demain;あした
après-demain;あさって
ce matin;けさ
ce soir;こんばん
vacances;やすみ
examen;しけん
réunion;かいぎ
film;えいが
cinéma;えいが
tout;まい
lundi;げつようび
mardi;かようび
mercredi;すいようび
jeudi;もくようび
vendredi;きんようび
samedi;どようび
dimanche;にちようび
numéro;ばんごう
New York;ニューヨーク
Londres;ロンドン
école;がっこう
supermarché;スーパー
gare;えき
avion;ひこうき
bateau;ふね
train;でんしゃ
métro;ちかてつ
bus;バス
taxi;タクシー
bicyclette;じてんしゃ
à pied;あるいて
personne;ひと
ami;ともだち
petit ami;かれ
petite amie;かのじょ
famille;かぞく
seul;ひとりで
la semaine dernière;せんしゅう
cette semaine;こんしゅう
la semaine prochaine;らいしゅう
le mois dernier;せんげつ
ce mois;こんげつ
le mois prochain;らいげつ
l'année dernière;きょねん
cette année;ことし
l'année prochaine;らいねん
anniversaire;たんじょうび
prochain;つがの
repas;ごばん
riz cuit;ごばん
petit déjeuner;あさごばん
déjeuner;ひるごばん
dîner;ばんごばん
pain;パン
œuf;たまご
viande;にく
poisson;さかな
légume;やさい
fruit;くだもの
eau;みず
thé vert;おちゃ
thé anglais;こうちゃ
lait;ぎゅうにゅう
jus;ジュース
bière;ビール
alcool;さけ
saké;おさけ
cigarette;たばこ
lettre;てがみ
rapport;レポート
photo;しゃしん
magnétoscope;ビデオ
magasin;みせ
jardin;にわ
devoirs;しゅくだい
tennis;テニス
football;サッカー
ensemble;いっしょに
un peu;ちょっと
toujours;いつも
parfois;ときどき
ensuite;それから
nourriture;たべもの
concombre;きゅうり
tomate;トマト
aubergine;なす
haricot;まめ
chou;キャベツ
poireau;ねぎ
épinard;ほうれんそう
salade;レタス
pomme de terre;じゃがいも
oignon;たまねぎ
carotte;にんじん
fraise;いちご
pêche;もも
pastèque;すいか
raisin;ぶどう
mandarine;みかん
pomme;りんご
banane;バナナ
bœuf;ぎゅうにく
poulet;とりにく
porc;ぶたにく
saucisse;ソーセージ
jambon;ハム
sardine;いわし
maquereau;さば
saumon;さけ
thon;まぐろ
daurade;たい
morue;たら
crevette;えび
crabe;かに
calmar;いか
poulpe;たこ
coquillage;かい
main;て
baguettes;はし
cuillère;スプーソ
couteau;ナイフ
fourchette;フォーク
ciseaux;はさみ
e-mail;メール
feuille;かみ
fleur;はな
chemise;ジャツ
cadeau;プレセント
bagage;にもつ
argent;おかね
ticket;きっぷ
Noël;クリスマス
déjà;もう
pas encore;まだ
cerisier;さくら
montagne;やま
ville;まち
endroit;ところ
pension;りょう
vie quotidienne;せいかつ
métier;しごと
très;とても
pas très;あまり
blanc;しろ
noir;くろ
rouge;あか
bleu;あお
vert;みどり
violet;むらさき
jaune;きいろ
marron;ちゃいろ
rose;ピンク
orange;オレンジ
gris;グレー
beige;ベージュ
printemps;はる
été;なつ
automne;あき
hiver;ふゆ
boisson;のみもの
cuisine;りょうり
sport;スポーツ
danse;ダンス
voyage;りょこう
musique;おんがく
chanson;うた
concert;コンサート
peinture;え
promesse;やくそく
bien;よく
presque;だいたい
beaucoup;たくさん
pas du tout;ぜんぜん
vite;はやく
homme;おとこのひと
femme;おんあのひと
garçon;おとこのこ
fille;おんあのこ
chien;いぬ
chat;ねこ
panda;パンダ
éléphant;ぞう
arbre;き
chose;もの
pile;でんち
boîte;はこ
interrupteur;スイッチ
réfrigérateur;れいぞこう
table;テーブル
lit;ベッド
étagère;たな
porte;ドア
fenêtre;まど
boîte à lettres;ポスト
immeuble;ビル
supérette;コンビニ
parc;こうえん
salon de thé;きっさてん
arrêt;のりば
préfecture;けん
dessus;うえ
dessous;した
devant;まえ
derrière;うしろ
droite;みぎ
gauche;ひだり
intérieur;なか
extérieur;そと
à côté;となり
à proximité;ちかく
entre;あいだ
entrée;げんかん
salle de bain;ふろば
salle à manger;じょくどう
couloir;ろうか
balcon;ベランダ
carpe;こい
station;えき
place;せき
colline;おか
blessure;けが
champignon;きのこ
poire;なし
crayon;えんぴつ
nom;なまえ
chapeau;ぼうし
soldat;へいたい
exemple;れえ
vrai;まる
faux;ばつ
Terre;ちきゅう
coiffeur;びよういん
judo;じゅうど
couverture;もうふ
pluie;あめ
bonbon;あめ
cuisse;もも
veine;みゃく
papier;かみ
cheveux;かみ
Dieu;かみ
grenouille;かえる
médicament;くすり
assiette;さら
tigre;とら
chameau;らくだ
écureuil;りす
fantôme;ゆうれい
gingembre;しょうが
question;しつもん
réponse;こたえ
midi;ひる
journée;ひる
santé;げんき
gâteau;ケーキ
clef;キー
arc;アーク
quizz;クイズ
jean;ジーンズ
drap;シーツ
sauce;ソース
pull-over;セーター
cirque;サーカス
balançoire;シーソー
yoga;ヨガ
beignet;ドーナッツ
canoë;カヌー
bague;ゆびわ
collier;ネクレス
steak;ステーキ
diamant;ダイヤ
dessert;デザート
biscuit;ビスケット
soupe;スープ
fruit de mer;シフード
tunnel;トンネル
Europe;ヨーロッパ
petit boulot;アルバイト
melon;メロン
serpillère;モッパン
ici;ここ
jamais;ぜんぜん
dortoir;りょう
souris;ねずみ
enfin;やっと
ascenceur;エレベータ
démon;おに
campagne;いなか
masque;めん
cœur;こころ
visage;かお
étoile;ぼし
nez;はな
fesses;おしり
cul;しり
en face;めこう
vélo;じてんしゃ
frigo;れいぞう
année;ねん
salle;しつ
timbre;きって
carte postale;はがき
en tout;ぜんぶで
environ;ぐらい
semaine;しゅうかん
seulement;だけ
sandwich;サンドイッチ
curry;カレー
glace;アイスクリーム
enveloppe;ふうとう
classe;クラス
saison;きせつ
temps;てんき
nuageux;くもり
hôtel;ホテル
aéroport;くうこう
mer;うみ
monde;せかい
festival;おまつり
citron;レモン
érable;もみじ
collège;ちゅうがっこう
collégien;ちゅうがく
école primaire;しょうがっこう
