se réveiller;おきます
dormir;ねます
travailler;はたらきます
se reposer;やすみます
étudier;べんきょうします
finir;おわります
aller;いきます
venir;きます
rentrer;かえります
manger;たべます
boire;のみます
fumer;すいます
voir;みます
écouter;ききます
lire;よみます
écrire;かきます
acheter;かいます
prendre une photo;とります
faire;します
rencontrer;あいます
couper;きります
envoyer;おくります
offrir;あげます
recevoir;もらいます
prêter;かします
louer;かします
emprunter;かります
enseigner;おしえます
apprendre;ならいます
téléphoner;かけます
comprendre;わかります
avoir;あります
se trouver (animé);あります
se trouver (inanimé);います
bouger;ろうそく
effacer;けします
aimer;すき
détester;きらい
avoir le temps;じかん
pouvoir faire;できます
appeler;よんできます
essayer;します
monter;あがる
descendre;さがる
sortir d'une voiture;げしゃする
