travailler;arbeiten
commencer;anfangen
attraper;fangen
répondre;antworten
cuire au four;backen
se baigner;baden
prendre un bain;baden
obtenir;bekommen
recevoir;bekommen
visiter;besuchen
payer;zahlen
former;bilden
rester;bleiben
apporter;bringen
remercier;danken
durer;dauern
penser;denken
prendre une douche;duschen
inviter;einladen
charger;laden
faire des courses;einkaufen
acheter pour;kaufen
raconter;erzählen
manger;essen
aller en transport;fahren
fêter;feiern
trouver;finden
poser une question;fragen
donner;geben
plaire;gefallen
aller à pied;gehen
croire;glauben
faire une grillade;grillen
avoir;haben
aider;helfen
s'appeler;heißen
écouter;hören
informer;informieren
courir;joggen
acheter;kaufen
connaître ;kennen
bouillir;kochen
venir;kommen
coûter ;kosten
goûter ;kosten
rire;lachen
courir;laufen
vivre;leben
apprendre;lernen
lire;lesen
adorer;lieben
faire;machen
prendre;nehmen
noter;notieren
réagir;reagieren
voyager;reisen
dire;sagen
offrir;schenken
dormir;schlafen
écrire;schreiben
voir;sehen
être assis;sitzen
jouer;spielen
parler;sprechen
faire des études;studieren
chercher;suchen
porter;tragen
rencontrer;treffen
boire;trinken
vendre;verkaufen
oublier;vergessen
comprendre;verstehen
attendre;warten
laver;waschen
habiter;wohnen
montrer;zeigen
avoir le droit;dürfen
pouvoir;können
savoir;können
apprécier ;mögen
devoir;müssen
être;sein
devoir;sollen
savoir;wissen
vouloir;wollen
estimer;meinen
danser;tanzen
soigner;pflegen
avoir l'air;ausehen
avoir besoin de;brauchen
être posé verticalement;stehen
être posé horizontalement;liegen
allumer;anzünden
accrocher;aufhängen
pendre;hängen
ouvrir;aufmachen
poser à la verticale;stellen
poser à l'horizontale;legen
acheter à;abkaufe
imprimer;drucken
agir;handen
fouiner;stöben
discuter;diskutiren
tourner;abbiegen
faire demi-tour;wenden
énerver;nerven
envoyer;schicken
être poli;höflichen
cocher;ankreusen
être malpoli;unhöflichen
décrire;bewerten
manquer;fellen
peindre;malen
dessiner;zeichnen
chanter;singen
se laver;sichwaschen
skier;schifahren
épeler;buchstabieren
couper;scheiden
mélanger;mischen
mixer;mixen
battre;schlagen
remplir;fillen
gratiner;gratinieren
maigrir;abnehmen
nager;schwimmen
photographier;fotografieren
partir s'installer;ziehen
voler;flugen
